{"1": {"Accuracy": 0.7997, "Loss": 0.655702294921875, "Precision": 0.8039632927002003, "Recall": 0.7955826844121283, "F1": 0.7920595285078111}, "2": {"Accuracy": 0.871, "Loss": 0.45824013671875, "Precision": 0.8803198539252917, "Recall": 0.869450699663561, "F1": 0.8693225457074844}, "3": {"Accuracy": 0.9011, "Loss": 0.35413115234375, "Precision": 0.9080298530246725, "Recall": 0.8992866363426184, "F1": 0.9006565786977001}, "4": {"Accuracy": 0.8656, "Loss": 0.428277783203125, "Precision": 0.8856778476296772, "Recall": 0.8643964344443044, "F1": 0.8643926157256476}, "5": {"Accuracy": 0.843, "Loss": 0.505411083984375, "Precision": 0.8719768322145784, "Recall": 0.8431104020672043, "F1": 0.8252102168159869}, "6": {"Accuracy": 0.867, "Loss": 0.38830263671875, "Precision": 0.8904641238839041, "Recall": 0.8670849879491899, "F1": 0.8595854747302921}, "7": {"Accuracy": 0.9046, "Loss": 0.3025437744140625, "Precision": 0.9106293939777933, "Recall": 0.9041848994950203, "F1": 0.9041824395801414}, "8": {"Accuracy": 0.89, "Loss": 0.325640576171875, "Precision": 0.9032057467194494, "Recall": 0.8896363789306087, "F1": 0.8870349268547845}, "9": {"Accuracy": 0.9239, "Loss": 0.243096630859375, "Precision": 0.9254359190278564, "Recall": 0.9236536057621272, "F1": 0.9233321963550137}, "10": {"Accuracy": 0.9181, "Loss": 0.261314990234375, "Precision": 0.9215751011906568, "Recall": 0.9167919460320301, "F1": 0.9174744016143634}, "11": {"Accuracy": 0.9026, "Loss": 0.315346435546875, "Precision": 0.9085323344636734, "Recall": 0.902236886332644, "F1": 0.9014714032990853}, "12": {"Accuracy": 0.9033, "Loss": 0.317610400390625, "Precision": 0.9087854165214082, "Recall": 0.90299148371145, "F1": 0.9015553204748208}, "13": {"Accuracy": 0.9163, "Loss": 0.2708270263671875, "Precision": 0.920338410420333, "Recall": 0.9159939695289859, "F1": 0.9159433520793339}, "14": {"Accuracy": 0.9272, "Loss": 0.2383118408203125, "Precision": 0.929312860137868, "Recall": 0.9267296529366901, "F1": 0.9265596299189752}, "15": {"Accuracy": 0.9251, "Loss": 0.2422651123046875, "Precision": 0.9276805976614547, "Recall": 0.9240303510895862, "F1": 0.9244342758459514}, "16": {"Accuracy": 0.9171, "Loss": 0.2688933349609375, "Precision": 0.920564888009077, "Recall": 0.915694502178839, "F1": 0.9164255744770277}, "17": {"Accuracy": 0.9139, "Loss": 0.2789146484375, "Precision": 0.9175879448130289, "Recall": 0.9127445726992779, "F1": 0.9129991692053453}, "18": {"Accuracy": 0.9088, "Loss": 0.2991082763671875, "Precision": 0.9134702906784531, "Recall": 0.9079727142815301, "F1": 0.9082331327778214}, "19": {"Accuracy": 0.9055, "Loss": 0.31394765625, "Precision": 0.911689645513577, "Recall": 0.9052107612833025, "F1": 0.9048404504895922}, "20": {"Accuracy": 0.9055, "Loss": 0.3229609375, "Precision": 0.9118096814007048, "Recall": 0.9046181790939594, "F1": 0.9045209855045776}, "21": {"Accuracy": 0.9063, "Loss": 0.3145259033203125, "Precision": 0.9126169389289565, "Recall": 0.9055269870516753, "F1": 0.9059252986195402}, "22": {"Accuracy": 0.9038, "Loss": 0.326216064453125, "Precision": 0.9107707121172934, "Recall": 0.9034910933561637, "F1": 0.9030663316055396}, "23": {"Accuracy": 0.9099, "Loss": 0.3037038818359375, "Precision": 0.9152714942934388, "Recall": 0.9100764342564481, "F1": 0.9091273850100101}, "24": {"Accuracy": 0.9154, "Loss": 0.2811806396484375, "Precision": 0.9197903825936364, "Recall": 0.9149607311800574, "F1": 0.9147476971471924}, "25": {"Accuracy": 0.9008, "Loss": 0.3137697509765625, "Precision": 0.9088202044187316, "Recall": 0.9004962396922144, "F1": 0.8998250138494178}, "26": {"Accuracy": 0.9124, "Loss": 0.286522119140625, "Precision": 0.9179514789270456, "Recall": 0.9117920805192818, "F1": 0.911978854670853}, "27": {"Accuracy": 0.9307, "Loss": 0.2262876220703125, "Precision": 0.9329661727067611, "Recall": 0.9296546341637543, "F1": 0.929841444842482}, "28": {"Accuracy": 0.9301, "Loss": 0.234434521484375, "Precision": 0.932468664460554, "Recall": 0.9290786709307621, "F1": 0.9293176472238314}, "29": {"Accuracy": 0.9253, "Loss": 0.248425732421875, "Precision": 0.9291286198618816, "Recall": 0.9241335924086528, "F1": 0.9246187472866744}, "30": {"Accuracy": 0.9264, "Loss": 0.2489223876953125, "Precision": 0.9305410806884439, "Recall": 0.9250399522184592, "F1": 0.9257043168085193}, "31": {"Accuracy": 0.9313, "Loss": 0.2236400634765625, "Precision": 0.9333619833983906, "Recall": 0.9301621141132896, "F1": 0.9306427911791586}, "32": {"Accuracy": 0.9242, "Loss": 0.246867236328125, "Precision": 0.9282544063383554, "Recall": 0.9226777958881476, "F1": 0.9234946220103055}, "33": {"Accuracy": 0.9357, "Loss": 0.210822607421875, "Precision": 0.9374068798195303, "Recall": 0.9352781459346939, "F1": 0.935224450004046}, "34": {"Accuracy": 0.9215, "Loss": 0.2633201171875, "Precision": 0.9262467989574175, "Recall": 0.9210608557094118, "F1": 0.9213031849613301}, "35": {"Accuracy": 0.936, "Loss": 0.2206592041015625, "Precision": 0.9378140163434212, "Recall": 0.9353821034161134, "F1": 0.9354808422884725}, "36": {"Accuracy": 0.9174, "Loss": 0.2730035888671875, "Precision": 0.9238665263363677, "Recall": 0.916449457605324, "F1": 0.9173831084158653}, "37": {"Accuracy": 0.9206, "Loss": 0.2682392822265625, "Precision": 0.9254970073009827, "Recall": 0.9198071257076414, "F1": 0.9202488790169561}, "38": {"Accuracy": 0.9218, "Loss": 0.2589007080078125, "Precision": 0.9260507114551109, "Recall": 0.9214311674645168, "F1": 0.9216345764859403}, "39": {"Accuracy": 0.9292, "Loss": 0.2363795654296875, "Precision": 0.9320023908888734, "Recall": 0.9283433900117949, "F1": 0.9284487736603454}, "40": {"Accuracy": 0.9197, "Loss": 0.2689719482421875, "Precision": 0.9250604952412818, "Recall": 0.9189543930794333, "F1": 0.9185729523761627}, "41": {"Accuracy": 0.9134, "Loss": 0.2797008544921875, "Precision": 0.9194362101621012, "Recall": 0.913484483733594, "F1": 0.912881420003762}, "42": {"Accuracy": 0.9212, "Loss": 0.26394951171875, "Precision": 0.924857720387479, "Recall": 0.9209884923986495, "F1": 0.9205305063703545}, "43": {"Accuracy": 0.8918, "Loss": 0.376662939453125, "Precision": 0.90396235563529, "Recall": 0.8924454886830766, "F1": 0.8868387291046593}, "44": {"Accuracy": 0.9323, "Loss": 0.22652314453125, "Precision": 0.9343844001313689, "Recall": 0.9318362523788298, "F1": 0.9319399825188526}, "45": {"Accuracy": 0.9355, "Loss": 0.2135531005859375, "Precision": 0.9370178189328714, "Recall": 0.9352854344322413, "F1": 0.935079111854261}, "46": {"Accuracy": 0.9323, "Loss": 0.228573046875, "Precision": 0.934816799494928, "Recall": 0.9315179514080814, "F1": 0.931734605228882}, "47": {"Accuracy": 0.9288, "Loss": 0.2363785888671875, "Precision": 0.9308083302177093, "Recall": 0.9285195980454988, "F1": 0.9282658049426938}, "48": {"Accuracy": 0.9038, "Loss": 0.3246996826171875, "Precision": 0.9114320166766083, "Recall": 0.9035867591885248, "F1": 0.9020450889597417}, "49": {"Accuracy": 0.9033, "Loss": 0.332752783203125, "Precision": 0.9125260828890209, "Recall": 0.9035301289036912, "F1": 0.9010920272446616}, "50": {"Accuracy": 0.9362, "Loss": 0.215622998046875, "Precision": 0.9377075073777748, "Recall": 0.9357421460167661, "F1": 0.9357832697375494}}