{"1": {"Accuracy": 0.8843, "Loss": 0.4013714111328125, "Precision": 0.8876118040257792, "Recall": 0.882475688906687, "F1": 0.882383951317735}, "2": {"Accuracy": 0.884, "Loss": 0.383329443359375, "Precision": 0.9016441646611693, "Recall": 0.8827449978210863, "F1": 0.8818537077380328}, "3": {"Accuracy": 0.9221, "Loss": 0.26716123046875, "Precision": 0.9242557612652924, "Recall": 0.9213629913272001, "F1": 0.9210057391339633}, "4": {"Accuracy": 0.9212, "Loss": 0.264581103515625, "Precision": 0.9241096477808501, "Recall": 0.9213591675501395, "F1": 0.9202727395230405}, "5": {"Accuracy": 0.8887, "Loss": 0.36556826171875, "Precision": 0.9008021642784799, "Recall": 0.8889794769948978, "F1": 0.8868739950454809}, "6": {"Accuracy": 0.9104, "Loss": 0.296577490234375, "Precision": 0.9150841004093186, "Recall": 0.910356243804423, "F1": 0.9090908176325424}, "7": {"Accuracy": 0.8995, "Loss": 0.3258505859375, "Precision": 0.9093724761456835, "Recall": 0.8996831404268099, "F1": 0.898498594051674}, "8": {"Accuracy": 0.8853, "Loss": 0.3821921630859375, "Precision": 0.8965148865701608, "Recall": 0.885406439537302, "F1": 0.8840535940166271}, "9": {"Accuracy": 0.8881, "Loss": 0.365288134765625, "Precision": 0.8950289148185723, "Recall": 0.8884618755316899, "F1": 0.8865760658312787}, "10": {"Accuracy": 0.9146, "Loss": 0.2793921875, "Precision": 0.9170289714775611, "Recall": 0.9145176546881315, "F1": 0.9137615384273732}, "11": {"Accuracy": 0.904, "Loss": 0.3065706787109375, "Precision": 0.9085377091864973, "Recall": 0.9039397390869842, "F1": 0.9024960018246487}, "12": {"Accuracy": 0.9018, "Loss": 0.3179188720703125, "Precision": 0.9074898744846092, "Recall": 0.9017933800965295, "F1": 0.9009204451752494}, "13": {"Accuracy": 0.8861, "Loss": 0.3679684326171875, "Precision": 0.8959341174466264, "Recall": 0.886148521142133, "F1": 0.8844184714184676}, "14": {"Accuracy": 0.9214, "Loss": 0.2482970703125, "Precision": 0.9229093449037966, "Recall": 0.9212880213581899, "F1": 0.9205337979692672}, "15": {"Accuracy": 0.9025, "Loss": 0.32018876953125, "Precision": 0.907596033210846, "Recall": 0.9026453307563349, "F1": 0.9007403720215962}, "16": {"Accuracy": 0.9039, "Loss": 0.2998766357421875, "Precision": 0.9112482305205851, "Recall": 0.9037484328985697, "F1": 0.9035331758631328}, "17": {"Accuracy": 0.9081, "Loss": 0.2956564208984375, "Precision": 0.9138473826522258, "Recall": 0.9077551102817528, "F1": 0.907764464423698}, "18": {"Accuracy": 0.8922, "Loss": 0.3295947509765625, "Precision": 0.9039350438846909, "Recall": 0.8920426633241686, "F1": 0.8908733518555667}, "19": {"Accuracy": 0.9137, "Loss": 0.2807249267578125, "Precision": 0.9183627414531582, "Recall": 0.9132454561698348, "F1": 0.9132641119232863}, "20": {"Accuracy": 0.8997, "Loss": 0.324874755859375, "Precision": 0.9067266392839997, "Recall": 0.8991911687238096, "F1": 0.8988723280392643}, "21": {"Accuracy": 0.8777, "Loss": 0.385538818359375, "Precision": 0.8965641330016343, "Recall": 0.8775321050590795, "F1": 0.8771557709750617}, "22": {"Accuracy": 0.899, "Loss": 0.330811181640625, "Precision": 0.9059269887854378, "Recall": 0.8987370369239521, "F1": 0.897681832320677}, "23": {"Accuracy": 0.911, "Loss": 0.2865555908203125, "Precision": 0.9152537504374886, "Recall": 0.9106703636021759, "F1": 0.9101244799054875}, "24": {"Accuracy": 0.8907, "Loss": 0.344062939453125, "Precision": 0.903136247681546, "Recall": 0.8904123129392232, "F1": 0.8903645951382797}, "25": {"Accuracy": 0.9141, "Loss": 0.2746626708984375, "Precision": 0.9196279072661314, "Recall": 0.9135511173787257, "F1": 0.9136867311748954}, "26": {"Accuracy": 0.8998, "Loss": 0.3182072021484375, "Precision": 0.9085646776928314, "Recall": 0.8991838412027049, "F1": 0.8995507112960508}, "27": {"Accuracy": 0.8952, "Loss": 0.3334328857421875, "Precision": 0.9044275911325474, "Recall": 0.8948865532877086, "F1": 0.8943517329408426}, "28": {"Accuracy": 0.9065, "Loss": 0.309090966796875, "Precision": 0.9127954419015346, "Recall": 0.9060232377471271, "F1": 0.9057196428355674}, "29": {"Accuracy": 0.8912, "Loss": 0.3413865478515625, "Precision": 0.9053524538638109, "Recall": 0.8905169820251391, "F1": 0.8913680509953263}, "30": {"Accuracy": 0.9066, "Loss": 0.30460478515625, "Precision": 0.9131846520471433, "Recall": 0.9057820619046766, "F1": 0.9062881113973804}, "31": {"Accuracy": 0.9168, "Loss": 0.2727396484375, "Precision": 0.9203936522884192, "Recall": 0.9163810722398166, "F1": 0.9160847990114827}, "32": {"Accuracy": 0.9105, "Loss": 0.296246875, "Precision": 0.916679862509018, "Recall": 0.9091774000405504, "F1": 0.9100788362606759}, "33": {"Accuracy": 0.9173, "Loss": 0.280443798828125, "Precision": 0.9203852498128773, "Recall": 0.9168923400488869, "F1": 0.9162699425383078}, "34": {"Accuracy": 0.8941, "Loss": 0.34239462890625, "Precision": 0.9059616061070367, "Recall": 0.8929079647151281, "F1": 0.8945772121599289}, "35": {"Accuracy": 0.9239, "Loss": 0.251502392578125, "Precision": 0.9270942184956066, "Recall": 0.9227755155022029, "F1": 0.9232764349796969}, "36": {"Accuracy": 0.9114, "Loss": 0.2908292724609375, "Precision": 0.9164591435548498, "Recall": 0.9108777705299751, "F1": 0.9108667129633625}, "37": {"Accuracy": 0.9104, "Loss": 0.2881673828125, "Precision": 0.9168717940747296, "Recall": 0.9096429952265422, "F1": 0.9103768949496593}, "38": {"Accuracy": 0.9161, "Loss": 0.2744032958984375, "Precision": 0.9213966832882141, "Recall": 0.9154102868922804, "F1": 0.9157505217344536}, "39": {"Accuracy": 0.9219, "Loss": 0.254626025390625, "Precision": 0.9245132256346109, "Recall": 0.9206294049566883, "F1": 0.9212288604690352}, "40": {"Accuracy": 0.9243, "Loss": 0.247703955078125, "Precision": 0.9265216367004033, "Recall": 0.9234609154969569, "F1": 0.9235868927300007}, "41": {"Accuracy": 0.9199, "Loss": 0.2637857421875, "Precision": 0.9238974978536971, "Recall": 0.9195370234836526, "F1": 0.9194909455019928}, "42": {"Accuracy": 0.9149, "Loss": 0.2799585205078125, "Precision": 0.9201857488326202, "Recall": 0.9142564672325358, "F1": 0.9144374811201237}, "43": {"Accuracy": 0.9132, "Loss": 0.28741083984375, "Precision": 0.9197735216875256, "Recall": 0.9122266781907268, "F1": 0.9132565370977366}, "44": {"Accuracy": 0.9237, "Loss": 0.2527362060546875, "Precision": 0.9273611288171424, "Recall": 0.9222833626422033, "F1": 0.9231350596814251}, "45": {"Accuracy": 0.9287, "Loss": 0.2375718994140625, "Precision": 0.9306961664665158, "Recall": 0.9277977542129051, "F1": 0.9283022422065121}, "46": {"Accuracy": 0.9123, "Loss": 0.2901184326171875, "Precision": 0.9171757390557624, "Recall": 0.911018605809802, "F1": 0.912050554774775}, "47": {"Accuracy": 0.9123, "Loss": 0.2946377197265625, "Precision": 0.9171722708900019, "Recall": 0.9110614485914464, "F1": 0.9121468612397994}, "48": {"Accuracy": 0.9271, "Loss": 0.23974208984375, "Precision": 0.9278963926955125, "Recall": 0.9262070167233469, "F1": 0.9262468646418768}, "49": {"Accuracy": 0.918, "Loss": 0.272545654296875, "Precision": 0.9223111797385617, "Recall": 0.9167268052735305, "F1": 0.9176457760427045}, "50": {"Accuracy": 0.9173, "Loss": 0.280729443359375, "Precision": 0.9212530540495101, "Recall": 0.916659710311006, "F1": 0.9170849906665222}}