{"1": {"Accuracy": 0.8028, "Loss": 0.648969873046875, "Precision": 0.8136892812757596, "Recall": 0.8014025574807272}, "2": {"Accuracy": 0.8884, "Loss": 0.3798283935546875, "Precision": 0.8921413916238503, "Recall": 0.8877589884863577}, "3": {"Accuracy": 0.8842, "Loss": 0.4035773193359375, "Precision": 0.8943683577178847, "Recall": 0.884751950881084}, "4": {"Accuracy": 0.8964, "Loss": 0.347475537109375, "Precision": 0.9034228824238694, "Recall": 0.8963235727711988}, "5": {"Accuracy": 0.9027, "Loss": 0.3360625244140625, "Precision": 0.9085646485598311, "Recall": 0.9027947100230538}, "6": {"Accuracy": 0.9039, "Loss": 0.3289550048828125, "Precision": 0.9135982216676126, "Recall": 0.9031899311023635}, "7": {"Accuracy": 0.8936, "Loss": 0.3534060302734375, "Precision": 0.9055457321398567, "Recall": 0.8935366496427406}, "8": {"Accuracy": 0.893, "Loss": 0.3547655029296875, "Precision": 0.9049010706998379, "Recall": 0.892792547493853}, "9": {"Accuracy": 0.9136, "Loss": 0.2794398681640625, "Precision": 0.9197922333190178, "Recall": 0.9129847831424586}, "10": {"Accuracy": 0.8974, "Loss": 0.31690361328125, "Precision": 0.9104611770980414, "Recall": 0.8974609666539287}, "11": {"Accuracy": 0.9046, "Loss": 0.30422919921875, "Precision": 0.9151729375084978, "Recall": 0.9046515454132444}, "12": {"Accuracy": 0.9079, "Loss": 0.299418701171875, "Precision": 0.9179525546833933, "Recall": 0.9077713404695599}, "13": {"Accuracy": 0.8851, "Loss": 0.37399931640625, "Precision": 0.9021332319667554, "Recall": 0.8848735261628369}, "14": {"Accuracy": 0.9091, "Loss": 0.2882412353515625, "Precision": 0.9174220988270104, "Recall": 0.9086176609194206}, "15": {"Accuracy": 0.9086, "Loss": 0.297850634765625, "Precision": 0.9155358895326005, "Recall": 0.9084951642890665}, "16": {"Accuracy": 0.9034, "Loss": 0.2991001708984375, "Precision": 0.9125382845387712, "Recall": 0.903130007271687}, "17": {"Accuracy": 0.864, "Loss": 0.451321875, "Precision": 0.8841555885971317, "Recall": 0.8647883343911544}, "18": {"Accuracy": 0.8866, "Loss": 0.3547568115234375, "Precision": 0.9026036952121759, "Recall": 0.8854562169324349}, "19": {"Accuracy": 0.9109, "Loss": 0.28488447265625, "Precision": 0.9176680306743539, "Recall": 0.910527502709634}, "20": {"Accuracy": 0.9089, "Loss": 0.2869198486328125, "Precision": 0.9169959482799394, "Recall": 0.9083947883328405}, "21": {"Accuracy": 0.8853, "Loss": 0.34883974609375, "Precision": 0.9001569066287847, "Recall": 0.8857262392832611}, "22": {"Accuracy": 0.9162, "Loss": 0.254414013671875, "Precision": 0.9221316621729561, "Recall": 0.915647609027569}, "23": {"Accuracy": 0.9171, "Loss": 0.253925830078125, "Precision": 0.9225588837826786, "Recall": 0.9166838178854952}, "24": {"Accuracy": 0.9217, "Loss": 0.2480539306640625, "Precision": 0.9263202735091595, "Recall": 0.9214589239722972}, "25": {"Accuracy": 0.9155, "Loss": 0.259721044921875, "Precision": 0.9238848816379107, "Recall": 0.9152079054872793}, "26": {"Accuracy": 0.9135, "Loss": 0.2784446044921875, "Precision": 0.9224434901376636, "Recall": 0.9130799112499087}, "27": {"Accuracy": 0.9047, "Loss": 0.28896357421875, "Precision": 0.9130169359177565, "Recall": 0.9046122266108391}, "28": {"Accuracy": 0.9058, "Loss": 0.30073466796875, "Precision": 0.9157719721145172, "Recall": 0.9052598963914843}, "29": {"Accuracy": 0.9125, "Loss": 0.284952294921875, "Precision": 0.9202895266259216, "Recall": 0.9120909523265466}, "30": {"Accuracy": 0.9225, "Loss": 0.2429686767578125, "Precision": 0.9279752539703706, "Recall": 0.9217389086258934}, "31": {"Accuracy": 0.9258, "Loss": 0.2429565673828125, "Precision": 0.9285194822092933, "Recall": 0.9257984446430095}, "32": {"Accuracy": 0.9227, "Loss": 0.2534197998046875, "Precision": 0.9280505813359922, "Recall": 0.9214973788101544}, "33": {"Accuracy": 0.9232, "Loss": 0.2443274658203125, "Precision": 0.9269164784539505, "Recall": 0.9228505299616729}, "34": {"Accuracy": 0.9263, "Loss": 0.2355703857421875, "Precision": 0.9282658835024925, "Recall": 0.9264873720336382}, "35": {"Accuracy": 0.938, "Loss": 0.203227880859375, "Precision": 0.9397005160583243, "Recall": 0.9369708159393267}, "36": {"Accuracy": 0.9238, "Loss": 0.2468701904296875, "Precision": 0.9274393233513933, "Recall": 0.923776883625943}, "37": {"Accuracy": 0.925, "Loss": 0.2506224609375, "Precision": 0.9271930789333396, "Recall": 0.9249769476392498}, "38": {"Accuracy": 0.9112, "Loss": 0.279343115234375, "Precision": 0.9173532490444636, "Recall": 0.9111986223267635}, "39": {"Accuracy": 0.9115, "Loss": 0.2797395263671875, "Precision": 0.9176649042607419, "Recall": 0.9110800985063872}, "40": {"Accuracy": 0.921, "Loss": 0.25696904296875, "Precision": 0.9244168192266699, "Recall": 0.9202212391854605}, "41": {"Accuracy": 0.9281, "Loss": 0.233707275390625, "Precision": 0.9318014700144222, "Recall": 0.9278969275304197}, "42": {"Accuracy": 0.9187, "Loss": 0.262430615234375, "Precision": 0.9234565607901235, "Recall": 0.9179460435294493}, "43": {"Accuracy": 0.9294, "Loss": 0.2315106689453125, "Precision": 0.93314903970613, "Recall": 0.9289170981207662}, "44": {"Accuracy": 0.9079, "Loss": 0.2952775146484375, "Precision": 0.9166969957312455, "Recall": 0.907534023007719}, "45": {"Accuracy": 0.9314, "Loss": 0.222647705078125, "Precision": 0.9338662588975669, "Recall": 0.9313831825351004}, "46": {"Accuracy": 0.9106, "Loss": 0.2880577392578125, "Precision": 0.9177115073768718, "Recall": 0.9099099770655643}, "47": {"Accuracy": 0.9242, "Loss": 0.2454138671875, "Precision": 0.9273357135940307, "Recall": 0.9243615508562011}, "48": {"Accuracy": 0.9269, "Loss": 0.232382470703125, "Precision": 0.929784635390862, "Recall": 0.9264124232929394}, "49": {"Accuracy": 0.9139, "Loss": 0.274327587890625, "Precision": 0.9210785890642068, "Recall": 0.9133048939193864}, "50": {"Accuracy": 0.927, "Loss": 0.235046142578125, "Precision": 0.929447672056185, "Recall": 0.9267797759757478}}