{"1": {"Accuracy": 0.8789, "Loss": 0.391782568359375, "Precision": 0.8887172021598329, "Recall": 0.878055213758671}, "2": {"Accuracy": 0.8963, "Loss": 0.330244091796875, "Precision": 0.9059428386461563, "Recall": 0.8949716920083111}, "3": {"Accuracy": 0.8899, "Loss": 0.3444777587890625, "Precision": 0.9010996194332858, "Recall": 0.8894369203785952}, "4": {"Accuracy": 0.8992, "Loss": 0.317293701171875, "Precision": 0.9073089982330333, "Recall": 0.8982183239460089}, "5": {"Accuracy": 0.9059, "Loss": 0.2941737548828125, "Precision": 0.913566692565734, "Recall": 0.9043849220845666}}